<?xml version="1.0" encoding="UTF-8"?>
<project-private xmlns="http://www.netbeans.org/ns/project-private/1">
    <editor-bookmarks xmlns="http://www.netbeans.org/ns/editor-bookmarks/2" lastBookmarkId="0"/>
    <open-files xmlns="http://www.netbeans.org/ns/projectui-open-files/2">
        <group>
            <file>file:/C:/Users/lenovo/Documents/my%20domment/ai/mini%20projet/sam/MazeSimulation/src/mazesimulation/MazeSimulation.java</file>
            <file>file:/C:/Users/lenovo/Documents/my%20domment/ai/mini%20projet/sam/MazeSimulation/src/mazesimulation/MemoryRobot.java</file>
            <file>file:/C:/Users/lenovo/Documents/my%20domment/ai/mini%20projet/sam/MazeSimulation/src/mazesimulation/Maze.java</file>
            <file>file:/C:/Users/lenovo/Documents/my%20domment/ai/mini%20projet/sam/MazeSimulation/src/mazesimulation/ClavierRobot.java</file>
            <file>file:/C:/Users/lenovo/Documents/my%20domment/ai/mini%20projet/sam/MazeSimulation/src/mazesimulation/DisplayPanel.java</file>
        </group>
    </open-files>
</project-private>
